originalFilename,legacyFolder,documentGroup,sequenceIndex,date,dateSuffix,isVerbatim,r2Key,needsReview,reviewReason
Handarbeit001.pdf,legacy/Webpage Uranos/Keyserlingk Notizen,handarbeit,1,,,false,keyserlingk/handarbeit/001.pdf,false,
Handarbeit002.pdf,legacy/Webpage Uranos/Keyserlingk Notizen,handarbeit,2,,,false,keyserlingk/handarbeit/002.pdf,false,
Keyserlingk Foto001.pdf,legacy/Webpage Uranos/Keyserlingk Notizen,keyserlingk-foto,1,,,false,keyserlingk/keyserlingk-foto/001.pdf,false,
Keyserlingk Foto002.pdf,legacy/Webpage Uranos/Keyserlingk Notizen,keyserlingk-foto,2,,,false,keyserlingk/keyserlingk-foto/002.pdf,false,
Notiz Gralburg001.pdf,legacy/Webpage Uranos/Keyserlingk Notizen,notiz-gralburg,1,,,false,keyserlingk/notiz-gralburg/001.pdf,false,
Notiz Gralburg002.pdf,legacy/Webpage Uranos/Keyserlingk Notizen,notiz-gralburg,2,,,false,keyserlingk/notiz-gralburg/002.pdf,false,
Notiz Gralburg003.pdf,legacy/Webpage Uranos/Keyserlingk Notizen,notiz-gralburg,3,,,false,keyserlingk/notiz-gralburg/003.pdf,false,
Notiz Gralburg004.pdf,legacy/Webpage Uranos/Keyserlingk Notizen,notiz-gralburg,4,,,false,keyserlingk/notiz-gralburg/004.pdf,false,
Notiz Gralburg005.pdf,legacy/Webpage Uranos/Keyserlingk Notizen,notiz-gralburg,5,,,false,keyserlingk/notiz-gralburg/005.pdf,false,
Notiz Gralburg006.pdf,legacy/Webpage Uranos/Keyserlingk Notizen,notiz-gralburg,6,,,false,keyserlingk/notiz-gralburg/006.pdf,false,
Notiz Gralburg007.pdf,legacy/Webpage Uranos/Keyserlingk Notizen,notiz-gralburg,7,,,false,keyserlingk/notiz-gralburg/007.pdf,false,
Notizen001.pdf,legacy/Webpage Uranos/Keyserlingk Notizen,notizen,1,,,false,keyserlingk/notizen/001.pdf,false,
Notizen002.pdf,legacy/Webpage Uranos/Keyserlingk Notizen,notizen,2,,,false,keyserlingk/notizen/002.pdf,false,
Notizen003.pdf,legacy/Webpage Uranos/Keyserlingk Notizen,notizen,3,,,false,keyserlingk/notizen/003.pdf,false,
Notizen004.pdf,legacy/Webpage Uranos/Keyserlingk Notizen,notizen,4,,,false,keyserlingk/notizen/004.pdf,false,
Notizen005.pdf,legacy/Webpage Uranos/Keyserlingk Notizen,notizen,5,,,false,keyserlingk/notizen/005.pdf,false,
Notizen006.pdf,legacy/Webpage Uranos/Keyserlingk Notizen,notizen,6,,,false,keyserlingk/notizen/006.pdf,false,
Notizen007.pdf,legacy/Webpage Uranos/Keyserlingk Notizen,notizen,7,,,false,keyserlingk/notizen/007.pdf,false,
Notizen008.pdf,legacy/Webpage Uranos/Keyserlingk Notizen,notizen,8,,,false,keyserlingk/notizen/008.pdf,false,
Notizen009.pdf,legacy/Webpage Uranos/Keyserlingk Notizen,notizen,9,,,false,keyserlingk/notizen/009.pdf,false,
Notizen010.pdf,legacy/Webpage Uranos/Keyserlingk Notizen,notizen,10,,,false,keyserlingk/notizen/010.pdf,false,
Notizen011.pdf,legacy/Webpage Uranos/Keyserlingk Notizen,notizen,11,,,false,keyserlingk/notizen/011.pdf,false,
Notizen012.pdf,legacy/Webpage Uranos/Keyserlingk Notizen,notizen,12,,,false,keyserlingk/notizen/012.pdf,false,
Notizen013.pdf,legacy/Webpage Uranos/Keyserlingk Notizen,notizen,13,,,false,keyserlingk/notizen/013.pdf,false,
Notizen014.pdf,legacy/Webpage Uranos/Keyserlingk Notizen,notizen,14,,,false,keyserlingk/notizen/014.pdf,false,
Notizen015.pdf,legacy/Webpage Uranos/Keyserlingk Notizen,notizen,15,,,false,keyserlingk/notizen/015.pdf,false,
Notizen016.pdf,legacy/Webpage Uranos/Keyserlingk Notizen,notizen,16,,,false,keyserlingk/notizen/016.pdf,false,
Notizen017.pdf,legacy/Webpage Uranos/Keyserlingk Notizen,notizen,17,,,false,keyserlingk/notizen/017.pdf,false,
Notizen018.pdf,legacy/Webpage Uranos/Keyserlingk Notizen,notizen,18,,,false,keyserlingk/notizen/018.pdf,false,
Notizen019.pdf,legacy/Webpage Uranos/Keyserlingk Notizen,notizen,19,,,false,keyserlingk/notizen/019.pdf,false,
Notizen020.pdf,legacy/Webpage Uranos/Keyserlingk Notizen,notizen,20,,,false,keyserlingk/notizen/020.pdf,false,
Notizen021.pdf,legacy/Webpage Uranos/Keyserlingk Notizen,notizen,21,,,false,keyserlingk/notizen/021.pdf,false,
Notizen022.pdf,legacy/Webpage Uranos/Keyserlingk Notizen,notizen,22,,,false,keyserlingk/notizen/022.pdf,false,
Notizen023.pdf,legacy/Webpage Uranos/Keyserlingk Notizen,notizen,23,,,false,keyserlingk/notizen/023.pdf,false,
Notizen024.pdf,legacy/Webpage Uranos/Keyserlingk Notizen,notizen,24,,,false,keyserlingk/notizen/024.pdf,false,
Notizen025.pdf,legacy/Webpage Uranos/Keyserlingk Notizen,notizen,25,,,false,keyserlingk/notizen/025.pdf,false,
Notizen026.pdf,legacy/Webpage Uranos/Keyserlingk Notizen,notizen,26,,,false,keyserlingk/notizen/026.pdf,false,
Notizen027.pdf,legacy/Webpage Uranos/Keyserlingk Notizen,notizen,27,,,false,keyserlingk/notizen/027.pdf,false,
Notizen028.pdf,legacy/Webpage Uranos/Keyserlingk Notizen,notizen,28,,,false,keyserlingk/notizen/028.pdf,false,
Notizen029.pdf,legacy/Webpage Uranos/Keyserlingk Notizen,notizen,29,,,false,keyserlingk/notizen/029.pdf,false,
Notizen030.pdf,legacy/Webpage Uranos/Keyserlingk Notizen,notizen,30,,,false,keyserlingk/notizen/030.pdf,false,
Notizen031.pdf,legacy/Webpage Uranos/Keyserlingk Notizen,notizen,31,,,false,keyserlingk/notizen/031.pdf,false,
Postkarte Eva Maria001.pdf,legacy/Webpage Uranos/Keyserlingk Notizen,postkarte-eva-maria,1,,,false,keyserlingk/postkarte-eva-maria/001.pdf,false,
Postkarte Eva Maria002.pdf,legacy/Webpage Uranos/Keyserlingk Notizen,postkarte-eva-maria,2,,,false,keyserlingk/postkarte-eva-maria/002.pdf,false,
Postkarte Ewald Köpke001.pdf,legacy/Webpage Uranos/Keyserlingk Notizen,postkarte-ewald-kopke,1,,,false,keyserlingk/postkarte-ewald-kopke/001.pdf,false,
Postkarte Ewald Köpke002.pdf,legacy/Webpage Uranos/Keyserlingk Notizen,postkarte-ewald-kopke,2,,,false,keyserlingk/postkarte-ewald-kopke/002.pdf,false,
Postkarte Riedel001.pdf,legacy/Webpage Uranos/Keyserlingk Notizen,postkarte-riedel,1,,,false,keyserlingk/postkarte-riedel/001.pdf,false,
Postkarte Riedel002.pdf,legacy/Webpage Uranos/Keyserlingk Notizen,postkarte-riedel,2,,,false,keyserlingk/postkarte-riedel/002.pdf,false,
Tischgebet Dagmar001.pdf,legacy/Webpage Uranos/Keyserlingk Notizen,tischgebet-dagmar,1,,,false,keyserlingk/tischgebet-dagmar/001.pdf,false,
Visitenkarte001.pdf,legacy/Webpage Uranos/Keyserlingk Notizen,visitenkarte,1,,,false,keyserlingk/visitenkarte/001.pdf,false,
