documentGroup,title,legacyFolder,sourceFileCount,pageCount,date,dateSuffix,isVerbatim,r2Key,needsReview,reviewReason
europaisches,Europäisches,legacy/Webpage Uranos/Unveröffentliches/Europäisches,34,34,,,false,vortraege-unveroeffentlicht/europaisches.pdf,false,
030328-tempelritter,Tempelritter,legacy/Webpage Uranos/Unveröffentliches,1,10,1903-03-28,,true,vortraege-unveroeffentlicht/030328-tempelritter.pdf,false,
030821-evolution-und-wieder-verkorperung,Evolution und Wieder-Verkörperung,legacy/Webpage Uranos/Unveröffentliches,1,13,1903-08-21,,false,vortraege-unveroeffentlicht/030821-evolution-und-wieder-verkorperung.pdf,false,
030824-ein-besonderer-fall-von-entwicklung,Ein besonderer Fall von Entwicklung,legacy/Webpage Uranos/Unveröffentliches,1,1,1903-08-24,,false,vortraege-unveroeffentlicht/030824-ein-besonderer-fall-von-entwicklung.pdf,false,
030828-eingeweihter-einweihung,Eingeweihter - Einweihung,legacy/Webpage Uranos/Unveröffentliches,1,12,1903-08-28,,false,vortraege-unveroeffentlicht/030828-eingeweihter-einweihung.pdf,false,
030904-geheimhaltung-oder-veroffentlichung-esoterische-lehren,Geheimhaltung oder Veröffentlichung esoterische Lehren,legacy/Webpage Uranos/Unveröffentliches,1,13,1903-09-04,,false,vortraege-unveroeffentlicht/030904-geheimhaltung-oder-veroffentlichung-esoterische-lehren.pdf,false,
030918-embryologie,Embryologie,legacy/Webpage Uranos/Unveröffentliches,1,11,1903-09-18,,false,vortraege-unveroeffentlicht/030918-embryologie.pdf,false,
030925-das-symbole-der-biene,Das Symbole der Biene,legacy/Webpage Uranos/Unveröffentliches,1,12,1903-09-25,,false,vortraege-unveroeffentlicht/030925-das-symbole-der-biene.pdf,false,
031002-ursprung-und-bedeutung-des-menschlichen-leides,Ursprung und Bedeutung des menschlichen Leides,legacy/Webpage Uranos/Unveröffentliches,1,10,1903-10-02,,false,vortraege-unveroeffentlicht/031002-ursprung-und-bedeutung-des-menschlichen-leides.pdf,false,
031009-inkarnationen-folge,Inkarnationen - Folge,legacy/Webpage Uranos/Unveröffentliches,1,11,1903-10-09,,false,vortraege-unveroeffentlicht/031009-inkarnationen-folge.pdf,false,
031016-welt-gerechtigkeit,Welt-Gerechtigkeit,legacy/Webpage Uranos/Unveröffentliches,1,7,1903-10-16,,false,vortraege-unveroeffentlicht/031016-welt-gerechtigkeit.pdf,false,
031030b-die-3-logoi-und-der-mensch,Die 3 Logoi und der Mensch,legacy/Webpage Uranos/Unveröffentliches,1,13,1903-10-30,b,false,vortraege-unveroeffentlicht/031030b-die-3-logoi-und-der-mensch.pdf,false,
031104-die-astrale-welt,Die astrale Welt,legacy/Webpage Uranos/Unveröffentliches,2,16,1903-11-04,,true,vortraege-unveroeffentlicht/031104-die-astrale-welt.pdf,false,
031106-die-entwicklung-des-menschen,Die Entwicklung des Menschen,legacy/Webpage Uranos/Unveröffentliches,1,15,1903-11-06,,false,vortraege-unveroeffentlicht/031106-die-entwicklung-des-menschen.pdf,false,
031113-mysterien-und-geheimschulen,Mysterien und Geheimschulen,legacy/Webpage Uranos/Unveröffentliches,1,17,1903-11-13,,false,vortraege-unveroeffentlicht/031113-mysterien-und-geheimschulen.pdf,false,
031204b-die-einweihung-der-weisheit,Die Einweihung der Weisheit,legacy/Webpage Uranos/Unveröffentliches,1,15,1903-12-04,b,false,vortraege-unveroeffentlicht/031204b-die-einweihung-der-weisheit.pdf,false,
040526-theosophische-kosmologie,Theosophische Kosmologie,legacy/Webpage Uranos/Unveröffentliches,1,8,1904-05-26,,true,vortraege-unveroeffentlicht/040526-theosophische-kosmologie.pdf,false,
040609-theosophische-kosmologie,Theosophische Kosmologie,legacy/Webpage Uranos/Unveröffentliches,1,10,1904-06-09,,true,vortraege-unveroeffentlicht/040609-theosophische-kosmologie.pdf,false,
040701a-wolfram-von-eschenbach,Wolfram von Eschenbach,legacy/Webpage Uranos/Unveröffentliches,1,4,1904-07-01,a,true,vortraege-unveroeffentlicht/040701a-wolfram-von-eschenbach.pdf,false,
041010-apokalypsen-1,Apokalypsen 1,legacy/Webpage Uranos/Unveröffentliches,1,8,1904-10-10,,false,vortraege-unveroeffentlicht/041010-apokalypsen-1.pdf,false,
041010-041017b-041024-apokalypsen,041017b-041024 Apokalypsen,legacy/Webpage Uranos/Unveröffentliches,1,39,1904-10-10,,false,vortraege-unveroeffentlicht/041010-041017b-041024-apokalypsen.pdf,false,
041017b-apokalypse-2,Apokalypse 2,legacy/Webpage Uranos/Unveröffentliches,1,10,1904-10-17,b,false,vortraege-unveroeffentlicht/041017b-apokalypse-2.pdf,false,
041024-apokalypse-3,Apokalypse 3,legacy/Webpage Uranos/Unveröffentliches,1,13,1904-10-24,,false,vortraege-unveroeffentlicht/041024-apokalypse-3.pdf,false,
041101b-das-christentum,Das Christentum,legacy/Webpage Uranos/Unveröffentliches,1,10,1904-11-01,b,false,vortraege-unveroeffentlicht/041101b-das-christentum.pdf,false,
041101b-fragenbeantwortung,Fragenbeantwortung,legacy/Webpage Uranos/Unveröffentliches,1,2,1904-11-01,b,false,vortraege-unveroeffentlicht/041101b-fragenbeantwortung.pdf,false,
041101b-051022c-fragebeantwortung,051022c( Fragebeantwortung,legacy/Webpage Uranos/Unveröffentliches,1,1,1904-11-01,b,true,vortraege-unveroeffentlicht/041101b-051022c-fragebeantwortung.pdf,false,
050317a-die-bedeutung-der-messe,Die Bedeutung der Messe,legacy/Webpage Uranos/Unveröffentliches,1,5,1905-03-17,a,false,vortraege-unveroeffentlicht/050317a-die-bedeutung-der-messe.pdf,false,
051016b-selbst-erkenntnis-und-gott-erkenntnis,Selbst-Erkenntnis und Gott-Erkenntnis,legacy/Webpage Uranos/Unveröffentliches,1,11,1905-10-16,b,false,vortraege-unveroeffentlicht/051016b-selbst-erkenntnis-und-gott-erkenntnis.pdf,false,
051202-die-bergpredigt,Die Bergpredigt,legacy/Webpage Uranos/Unveröffentliches,1,11,1905-12-02,,false,vortraege-unveroeffentlicht/051202-die-bergpredigt.pdf,false,
051217-fragebeantwortung,Fragebeantwortung,legacy/Webpage Uranos/Unveröffentliches,1,2,1905-12-17,,false,vortraege-unveroeffentlicht/051217-fragebeantwortung.pdf,false,
061019b-edelsteine-heilung-sinnesorgane,Edelsteine  Heilung  Sinnesorgane,legacy/Webpage Uranos/Unveröffentliches,1,3,1906-10-19,b,false,vortraege-unveroeffentlicht/061019b-edelsteine-heilung-sinnesorgane.pdf,false,
070422-apokalypse-kinkel-alice-1,Apokalypse Kinkel Alice 1,legacy/Webpage Uranos/Unveröffentliches,1,16,1907-04-22,,false,vortraege-unveroeffentlicht/070422-apokalypse-kinkel-alice-1.pdf,false,
070501-apokalypse-kinkel-alice-2,Apokalypse Kinkel Alice 2,legacy/Webpage Uranos/Unveröffentliches,1,13,1907-05-01,,false,vortraege-unveroeffentlicht/070501-apokalypse-kinkel-alice-2.pdf,false,
070508-apokalypse-kinkel-alice-3,Apokalypse Kinkel Alice 3,legacy/Webpage Uranos/Unveröffentliches,1,9,1907-05-08,,false,vortraege-unveroeffentlicht/070508-apokalypse-kinkel-alice-3.pdf,false,
070515-apokalypse-kinkel-alice-4,Apokalypse Kinkel Alice 4,legacy/Webpage Uranos/Unveröffentliches,1,28,1907-05-15,,false,vortraege-unveroeffentlicht/070515-apokalypse-kinkel-alice-4.pdf,false,
071219-die-gefahren-der-einweihung,Die Gefahren der Einweihung,legacy/Webpage Uranos/Unveröffentliches,1,16,1907-12-19,,false,vortraege-unveroeffentlicht/071219-die-gefahren-der-einweihung.pdf,false,
131015b-plicht-zur-wahrheit,Plicht zur Wahrheit,legacy/Webpage Uranos/Unveröffentliches,1,2,1913-10-15,b,false,vortraege-unveroeffentlicht/131015b-plicht-zur-wahrheit.pdf,false,
140307-140307,140307,legacy/Webpage Uranos/Unveröffentliches,1,4,1914-03-07,,false,vortraege-unveroeffentlicht/140307-140307.pdf,false,
140411b-homunkulus,Homunkulus,legacy/Webpage Uranos/Unveröffentliches,1,3,1914-04-11,b,false,vortraege-unveroeffentlicht/140411b-homunkulus.pdf,false,
140714b-das-grosse-und-das-kleine-gehirn,Das große und das kleine Gehirn,legacy/Webpage Uranos/Unveröffentliches,1,2,1914-07-14,b,true,vortraege-unveroeffentlicht/140714b-das-grosse-und-das-kleine-gehirn.pdf,false,
150506a-die-ubersinnliche-erkenntnis,die übersinnliche Erkenntnis,legacy/Webpage Uranos/Unveröffentliches,1,32,1915-05-06,a,false,vortraege-unveroeffentlicht/150506a-die-ubersinnliche-erkenntnis.pdf,false,
150515-einweihungsvortrag,Einweihungsvortrag,legacy/Webpage Uranos/Unveröffentliches,1,16,1915-05-15,,false,vortraege-unveroeffentlicht/150515-einweihungsvortrag.pdf,false,
180527-180527,180527,legacy/Webpage Uranos/Unveröffentliches,1,26,1918-05-27,,false,vortraege-unveroeffentlicht/180527-180527.pdf,false,
uber-die-wanderung-der-rassen,Über die Wanderung der Rassen,legacy/Webpage Uranos/Unveröffentliches,1,9,,,true,vortraege-unveroeffentlicht/uber-die-wanderung-der-rassen.pdf,false,
